{
  "maggotStock": 12,
  "biocngStock": 8,
  "carbonSaved": 70.03571428571429,
  "revenue": 450000,
  "organicWasteOlah": 171.64285714285714
}